Metric,Value
MSE,0.228338360786438
RMSE,0.4778476334423327
MAE,0.344576895236969
Pearson,0.1958126920078337
Spearman,0.07984155209512334
CI,0.5114344112578076
R2,0.03615635633468628
MSE_CI_low,0.18186614476144314
MSE_CI_up,0.28436826318502423
Pearson_CI_low,0.0651044209843423
Pearson_CI_up,0.33025125289112817
