Metric,Value
MSE,0.21972569823265076
RMSE,0.46874907811392097
MAE,0.3370576798915863
Pearson,0.2715076216390355
Spearman,0.12984191841725115
CI,0.522528165810169
R2,0.07251149415969849
MSE_CI_low,0.1734964869916439
MSE_CI_up,0.2743524685502052
Pearson_CI_low,0.14125320351870185
Pearson_CI_up,0.3831394432973682
