Metric,Value
MSE,0.20355185866355896
RMSE,0.4511672180728105
MAE,0.33179229497909546
Pearson,0.3850231280052615
Spearman,0.2521135437122397
CI,0.5914338285555484
R2,0.1407831907272339
MSE_CI_low,0.16216833516955376
MSE_CI_up,0.2511859558522701
Pearson_CI_low,0.28573114644807257
Pearson_CI_up,0.4689208913593783
