Metric,Value
MSE,0.21370325982570648
RMSE,0.4622804990757305
MAE,0.3354731798171997
Pearson,0.31493858985527146
Spearman,0.19430722932935424
CI,0.568922471464398
R2,0.09793293476104736
MSE_CI_low,0.17027402445673942
MSE_CI_up,0.26623395308852194
Pearson_CI_low,0.2169656862091683
Pearson_CI_up,0.41030701448733026
