Metric,Value
MSE,0.21563896536827087
RMSE,0.46436942768475925
MAE,0.3324354290962219
Pearson,0.30444631474694644
Spearman,0.10339073249737984
CI,0.5194342409294549
R2,0.08976209163665771
MSE_CI_low,0.16875165402889253
MSE_CI_up,0.2687961861491203
Pearson_CI_low,0.18964587526973953
Pearson_CI_up,0.40837174618065497
